{
    "Ultima": 1,
    "PinnJoin": 2,
    "PinnMP3": 3,
    "StarterHealToken1": 4,
    "StarterHealToken2": 5,
	
    "GeoJoin": 101,
    "GeoMP3": 102,
    "GeoWeapon1": 103,
    "Cotton2Chest1": 104,
    "Cotton3Chest1": 105,
    "YellowKey": 106,
	
    "ReCollection08": 107,
    "Hub2Chest1": 108,
	
    "Memo1": 200,
    "Memo1A": 201,
	
    "Red1Chest": 301,
    "Red3Chest": 302,

    "Red4Chest1": 401,
    "Red4Chest2": 402,
    "Red4Chest3": 403,
    "RedTower2Chest": 404,
    "RedTower4Chest": 405,
	"RedChasm1Chest": 406,
    "RedChasm2Chest1": 407,
    "RedChasm2Chest2": 408,
    "RedChasmReunionChest": 409,
    "ReCollection02": 410,
	
    "Kani": 501,
    "KaniMP3": 502,
    "KaniWeapon1": 503,
    "KaniWeapon2": 504,
    "KaniWeapon3": 505,
	"Memo2": 506,
    "Memo2A": 507,
	

    "Hub1Chest1": 601,
    "Yellow5_BackDoorChest": 602,
    "Hub1Chest2": 603,
    "Hub2Chest2": 604,
    "Red3_BackdoorChest": 605,
	
    "Blue3Chest": 701,
    "Blue3Chest2": 702,
	
    "Memo9": 703,
    "Memo9A": 704,
	
    "Blue3Chest3": 705,
	
    "DiggerRoomChest": 706,
    "Memo10": 707,
    "Memo10A": 708,
    "Shane": 709,
    "ShaneMP3": 710,
    "ShaneWeapon1": 711,
    "ShaneWeapon2": 712,
	
    "BlueBridgeRightChest": 713,
	
    "WinkJoin": 800,
    "WinkMP3": 801,
    "WinkWeapon1": 802,
    "WinkWeapon2": 803,
    "Blue6Chest": 804,
    "Blue8Chest": 805,
    "ReCollection05": 806,
    "Blue7Chest": 807,
	
    "BlueCaveRightChest": 810,
    "BlueCaveRightStory": 811,
    "BlueCaveLeftChest": 812,
    "BlueCaveLeftStory": 813,
	
    "Purple2_BackdoorChest": 814,
    "PurpleHippoChest": 815,
    "Blue5_BackdoorChest": 816,
	
    "Green1Chest": 900,
    "GreenCyphonDebutChest": 901,
    "Jeff": 902,
    "JeffMP3": 903,
    "JeffWeapon1": 904,
    "JeffWeapon2": 905,
    "JeffWeapon3": 906,
    "ReCollection03": 907,
	"HubGreenChest": 908,
	

    "Memo7A": 909,
    "CyphonHallChest": 910,
    "GreenLeftUpChest": 911,
    "GreenRightChest": 912,
    "Memo8": 913,
    "Memo8A": 914,
    "GreenTheatreChest": 915,
	"Memo7": 916,
	
    "Purple1Chest2": 1000,
    "Purple1Chest1": 1001,
	
    "Memo11": 1003,
    "Memo11A": 1004,

    "Purple4Chest1": 1005,
    "Purple4Chest2": 1006,
    "PurpleSniper2Chest": 1007,
    "Purple7Chest2": 1008,
    "Purple7Chest1": 1009,
    "Liza": 1010,
    "LizaMP3": 1011,
    "LizaWeapon1": 1012,
    "LizaWeapon2": 1013,
    "LizaWeapon3": 1014,
	
    "Memo12": 1015,
    "Memo12A": 1016,
	
    "PurpleTowerEntranceChest": 1017,
    "PurpleLeftChest": 1018,
    "ReCollection04": 1019,
    "PurpleTower7Chest": 1020,
	
    "Cotton3Chest2": 1100,
    "BlackChase1_BackdoorChest": 1101,
    "Memo4": 1102,
    "Memo4A": 1103,
    "Orange1Chest1": 1104,
    "Orange1Chest2": 1105,
    "OrangeLeftChest1": 1106,
    "OrangeRightChest1": 1107,
    "Memo3": 1108,
    "Memo3A": 1109,
    "Hub3Chest1": 1110,
	
    "OrangeKeyAreaChest1": 1111,
    "OrangeKeyAreaChest2": 1112,
    "ReCollection07": 1113,
    "OrangeRight_BackdoorChest": 1114,
    "Green3_BackdoorChest": 1115,
    "Black1Chest": 1116,
    "BlackBetween1Chest": 1117,
    "Black3Chest": 1118,
    "Black4Chest": 1700,
	
    "Memo13": 1119,
    "Memo13A": 1120,
    "Black7Chest": 1121,
    "BlackBetween2Chest": 1122,
    "Memo14": 1123,
    "Memo14A": 1124,
    "ReCollection01": 1125,
	
    "Yellow3Chest": 1200,
    "Yellow5Chest": 1201,
    "Memo5": 1202,
    "Memo5A": 1203,
    "Yellow6Chest1": 1204,
    "Yellow6Chest2": 1205,
    "Yellow8Chest": 1206,
	
    "Memo6": 1207,
    "Memo6A": 1208,
    "Yellow12Chest": 1209,
    "Yellow14Chest1": 1210,
    "Yellow14Chest2": 1211,
    "Yellow14Chest3": 1212,
    "YellowTower5Chest1": 1213,
    "YellowTower5Chest2": 1214,
    "ReCollection06": 1215,
	"Yellow12Chest": 1216,
	
    "YellowTower5Chest2": 1300,
    "ChaoticDance": 1301,
    "ReCollection10": 1302,
	"MemFinder": 1303,
	
    "Final1Chest": 1400,
    "Final2Chest": 1401,
    "Final3Chest1": 1402,
    "Fair1Chest3": 1403,
    "Fair1Chest1": 1404,
    "Fair1Chest2": 1405,
    "ReCollection09": 1406,
    "BeforeExanderChest": 1407,
    "ExanderMerge": 1408,
	
    "White1Chest": 1500,
    "White2Chest": 1501,
    "White3Chest2": 1502,
    "White3Chest1": 1504,
    "White4Chest2": 1505,
    "White4Chest1": 1506,
    "White5Chest1": 1507,
    "White6Chest1": 1508,
    "White7Chest1": 1509,
    "White8Chest1": 1510,
    "White9Chest1": 1511,
	
	
	"QuoDefender1": 2001,
	"QuoDefender2": 2002,
	"QuoDefender3": 2003,
	"Kingoose1": 2010,
	"Kingoose2": 2011,
	"Kingoose3": 2012,
	"GriffinBlue1": 2021,
	"GriffinBlue2": 2022,
	"GriffinBlue3": 2023,
	"Digger1": 2031,
	"Digger2": 2032,
	"Digger3": 2033,
	"Desmodus1": 2041,
	"Desmodus2": 2042,
	"Desmodus3": 2043,
	"Squail1": 2051,
	"Squail2": 2052,
	"Squail3": 2053,
	"Swordmole1": 2061,
	"Swordmole2": 2062,
	"Swordmole3": 2063,
	"Scaventure1": 2071,
	"Scaventure2": 2072,
	"Scaventure3": 2073,
	"Ongard1": 2081,
	"Ongard2": 2082,
	"Ongard3": 2083,
	"Dualists1": 2091,
	"Dualists2": 2092,
	"Dualists3": 2093,
	"Kisaiju1": 2101,
	"Kisaiju2": 2102,
	"Kisaiju3": 2103,
	"GriffinBlack1": 2111,
	"GriffinBlack2": 2112,
	"GriffinBlack3": 2113,
	"Esquire1": 2121,
	"Esquire2": 2122,
	"Esquire3": 2123,
	"Mothership1": 2131,
	"Mothership2": 2132,
	"Mothership3": 2133,
	
	
	"Nyx": 3001,	
	"Nyx1": 3002,	
	"Nyx2": 3003,	
	"Nyx3": 3004,	
	"Scatter": 3011,	
	"Scatter1": 3012,	
	"Scatter2": 3013,	
	"Scatter3": 3014,	
	"Cyphon": 3021,	
	"Cyphon1": 3022,	
	"Cyphon2": 3023,	
	"Cyphon3": 3024,	
	"Enri": 3031,	
	"Enri1": 3032,	
	"Enri2": 3033,	
	"Enri3": 3034,	
	"Ruda": 3041,	
	"Ruda1": 3042,	
	"Ruda2": 3043,	
	"Ruda3": 3044,	
	"Rot": 3050,	
	"Rot1": 3051,	
	"Rot2": 3052,	
	"Rot3": 3053,	
	"Rot3": 3060,	
	"Wink1": 3071,	
	"Wink2": 3072,	
	"Wink3": 3073,	
	"GriffinFinal1": 3081,	
	"GriffinFinal2": 3082,	
	"GriffinFinal3": 3083,	
	"GriffinFinal4": 3084,	
	
	"ChaosNyx": 3100,	
	"ChaosNyx1": 3101,	
	"ChaosNyx2": 3102,	
	"ChaosNyx3": 3103,	
	"ChaosScatter": 3110,	
	"ChaosScatter1": 3111,	
	"ChaosScatter2": 3112,	
	"ChaosScatter3": 3113,	
	"ChaosCyphon": 3120,	
	"ChaosCyphon1": 3121,	
	"ChaosCyphon2": 3122,	
	"ChaosCyphon3": 3123,	
	"ChaosEnri": 3130,	
	"ChaosEnri1": 3131,	
	"ChaosEnri2": 3132,	
	"ChaosEnri3": 3133,	
	"ChaosRuda": 3140,	
	"ChaosRuda1": 3141,	
	"ChaosRuda2": 3142,	
	"ChaosRuda3": 3143,	
	"ChaosRot": 3150,	
	"ChaosRot1": 3151,	
	"ChaosRot2": 3152,	
	"ChaosRot3": 3153,	
	"ChaosWink": 3160,	
	"ChaosWink1": 3161,	
	"ChaosWink2": 3162,	
	"ChaosWink3": 3163,	
	"PurpleHippo1": 3171,	
	"PurpleHippo2": 3172,	
	"PurpleHippo3": 3173,	
	
	"Omni1": 3201,
	"Omni2": 3202,
	"Omni3": 3203,
	
	"Starstud1": 4001,
	"Starstud2": 4002,
	"Starstud3": 4003,
	"Starstud4": 4004,
	"Starstud5": 4005,
	"Starstud6": 4006,
	"Starstud7": 4007,
	"Starstud8": 4008,
	"Starstud9": 4009,
	"Starstud10": 4010,
	"Starstud11": 4011,
	"Starstud12": 4012,
	"Starstud13": 4013,
	"Starstud14": 4014,
	"Starstud15": 4015,
	"Starstud16": 4016,
	"Starstud17": 4017,
	"Starstud18": 4018,
	"Starstud19": 4019,
	"Starstud20": 4020,
	"Starstud21": 4021,
	"Starstud22": 4022,
	"Starstud23": 4023,
	"Starstud24": 4024,
	"Starstud25": 4025,

	"ReCollection1_1": 5011,
	"ReCollection1_2": 5012,
	"ReCollection1_3": 5013,
	"ReCollection1_4": 5014,
	"ReCollection1_5": 5015,
	"ReCollection1_6": 5016,
	"ReCollection2_1": 5021,
	"ReCollection2_2": 5022,
	"ReCollection2_3": 5023,
	"ReCollection2_4": 5024,
	"ReCollection2_5": 5025,
	"ReCollection2_6": 5026,
	"ReCollection3_1": 5031,
	"ReCollection3_2": 5032,
	"ReCollection3_3": 5033,
	"ReCollection3_4": 5034,
	"ReCollection3_5": 5035,
	"ReCollection3_6": 5036,
	"ReCollection4_1": 5041,
	"ReCollection4_2": 5042,
	"ReCollection4_3": 5043,
	"ReCollection4_4": 5044,
	"ReCollection4_5": 5045,
	"ReCollection4_6": 5046,
	"ReCollection5_1": 5051,
	"ReCollection5_2": 5052,
	"ReCollection5_3": 5053,
	"ReCollection5_4": 5054,
	"ReCollection5_5": 5055,
	"ReCollection5_6": 5056,
	"ReCollection6_1": 5061,
	"ReCollection6_2": 5062,
	"ReCollection6_3": 5063,
	"ReCollection6_4": 5064,
	"ReCollection6_5": 5065,
	"ReCollection6_6": 5066,
	"ReCollection7_1": 5071,
	"ReCollection7_2": 5072,
	"ReCollection7_3": 5073,
	"ReCollection7_4": 5074,
	"ReCollection7_5": 5075,
	"ReCollection7_6": 5076,
	"ReCollection8_1": 5081,
	"ReCollection8_2": 5082,
	"ReCollection8_3": 5083,
	"ReCollection8_4": 5084,
	"ReCollection8_5": 5085,
	"ReCollection8_6": 5086,
	"ReCollection9_1": 5091,
	"ReCollection9_2": 5092,
	"ReCollection9_3": 5093,
	"ReCollection9_4": 5094,
	"ReCollection9_5": 5095,
	"ReCollection9_6": 5096,
	"ReCollection10_1": 5101,
	"ReCollection10_2": 5102,
	"ReCollection10_3": 5103,
	"ReCollection10_4": 5104,
	"ReCollection10_5": 5105,
	"ReCollection10_6": 5106,
	

	"Shop1": 9001,
	"Shop2": 9002,
	"Shop3": 9003,
	"Shop4": 9004,
	"Shop5": 9005,
	"Shop6": 9006,
	"Shop7": 9007,
	"Shop8": 9008,
	"Shop9": 9009,
	"Shop10": 9010,
	"Shop11": 9011,
	"Shop12": 9012,
	"Shop13": 9013,
	"Shop14": 9014,
	"Shop15": 9015,
	"Shop16": 9016,
	"Shop17": 9017,
	"Shop18": 9018,
	"Shop19": 9019,
	"Shop20": 9020,
	"Shop21": 9021,
	"Shop22": 9022,
	"Shop23": 9023,
	"Shop24": 9024,
	"Shop25": 9025,
	"Shop26": 9026,
	"Shop27": 9027,
	"Shop28": 9028,
	"Shop29": 9029,
	"Shop30": 9030,
	"Shop31": 9031,
	"Shop32": 9032,
	"Shop33": 9033,
	"Shop34": 9034,
	"Shop35": 9035,
	"Shop36": 9036,
	"Shop37": 9037,
	"Shop38": 9038,
	"Shop39": 9039,
	"Shop40": 9040,
	"Shop41": 9041,
	"Shop42": 9042,
	"Shop43": 9043,
	"Shop44": 9044,
	"Shop45": 9045,
	"Shop46": 9046,
	"Shop47": 9047,
	"Shop48": 9048,
	"Shop49": 9049,
	"Shop50": 9050,
	"Shop51": 9051,
	"Shop52": 9052,
	"Shop53": 9053,
	"Shop54": 9054,
	"Shop55": 9055,
	"Shop56": 9056,
	"Shop57": 9057,
	"Shop58": 9058,
	"Shop59": 9059

}